{"<lambda>_0000:ncall": 0.0, "<lambda>_0000:sys": 0.00021499999999999986, "<lambda>_0000:usr": 0.03725600000000088, "<lambda>_0001:ncall": 0.0, "<lambda>_0001:sys": 0.0005050000000000038, "<lambda>_0001:usr": 0.12769000000000202, "FixMMCTrackListLLP_0000:ncall": 0.0, "FixMMCTrackListLLP_0000:sys": 0.003765, "FixMMCTrackListLLP_0000:usr": 0.00127, "LLPEventCounter_0000:ncall": 7280.0, "LLPEventCounter_0000:sys": 0.00017199999999999984, "LLPEventCounter_0000:usr": 0.04134399999999854, "TheSource:ncall": 0.0, "TheSource:sys": 0.012267999999999972, "TheSource:usr": 0.209030000000014, "muongun:ncall": 7280.0, "muongun:sys": 0.00033700000000000033, "muongun:usr": 0.051663999999998586, "muongun_prepropMCTree:ncall": 0.0, "muongun_prepropMCTree:sys": 9.299999999999993e-05, "muongun_prepropMCTree:usr": 0.01747699999999977, "muongun_weights:ncall": 7280.0, "muongun_weights:sys": 0.00018599999999999975, "muongun_weights:usr": 0.030772000000002034, "propagator_add_empty_tracklist:ncall": 0.0, "propagator_add_empty_tracklist:sys": 1e-06, "propagator_add_empty_tracklist:usr": 0.000135, "propagator_propagator:ncall": 7280.0, "propagator_propagator:sys": 0.23349700000000048, "propagator_propagator:usr": 93.10867699999966, "rename MMCTrackList:ncall": 0.0, "rename MMCTrackList:sys": 2e-06, "rename MMCTrackList:usr": 9.300000000000001e-05, "write_simulation_information_0000:ncall": 0.0, "write_simulation_information_0000:sys": 9.499999999999994e-05, "write_simulation_information_0000:usr": 0.01542700000000044, "writer:ncall": 0.0, "writer:sys": 0.003994, "writer:usr": 0.021328000000000003}